file_name,document_id,status,duration_seconds,error
leg-sis-act-1993_vol1.pdf,created,PROCESSED,5.94,
leg-sis-act-1993_vol2.pdf,created,PROCESSED,3.01,
leg-sis-regulations-1994_vol1.pdf,created,PROCESSED,2.07,
leg-sis-regulations-1994_vol2.pdf,created,PROCESSED,3.36,
ato-how-smsfs-are-taxed.txt,created,PROCESSED,1.56,
ato-smsf-investment-requirements.txt,created,PROCESSED,1.55,
ato-smsf-investment-restrictions.txt,created,PROCESSED,1.4,
ato-smsfr-2008-2.txt,created,PROCESSED,1.66,
ato-smsfr-2010-1.txt,created,PROCESSED,1.64,
ato-division-296-smsf.txt,created,PROCESSED,1.54,
asic-smsf-auditors.txt,created,PROCESSED,1.44,
ato-smsf-auditor-requirements.txt,created,PROCESSED,1.58,
ato-smsf-trust-deed.txt,created,PROCESSED,1.68,
ato-smsf-trustee-obligations.txt,created,PROCESSED,1.48,
ato-death-of-smsf-member.txt,created,PROCESSED,2.47,
ato-smsf-income-stream-rules.txt,created,PROCESSED,1.52,
ato-smsf-tbar-when-to-lodge.txt,created,PROCESSED,1.54,
ato-smsf-lrba.txt,created,PROCESSED,1.51,
ato-smsfr-2009-1.txt,created,PROCESSED,1.7,
ato-smsfr-2009-2.txt,created,PROCESSED,1.73,
ato-smsfr-2012-1.txt,created,PROCESSED,1.69,
ato-smsf-australian-super-fund.txt,created,PROCESSED,1.46,
aasb-1056.pdf,created,PROCESSED,2.18,
aasb-1060.pdf,created,PROCESSED,2.14,
ato-cgt-discount.txt,created,PROCESSED,1.56,
ato-sb-cgt-concessions.txt,created,PROCESSED,1.54,
ato-sb-cgt-eligibility.txt,created,PROCESSED,1.48,
ato-division-7a-benchmark-rate.txt,created,PROCESSED,1.47,
ato-division-7a.txt,created,PROCESSED,1.54,
ato-pcg-2017-13.txt,created,PROCESSED,1.45,
ato-td-2022-11.txt,created,PROCESSED,1.55,
ato-company-tax-rates-2025-26.txt,created,PROCESSED,1.53,
ato-individual-tax-rates.txt,created,PROCESSED,1.55,
ato-instant-asset-write-off.txt,created,PROCESSED,1.46,
ato-record-keeping-business.txt,created,PROCESSED,1.65,
